<?xml version="1.0" encoding="utf-8"?>
<extension type="library" method="upgrade" version="3.4">

	<name>CloudHotelier Library</name>
	<description>CloudHotelier extensions and templates make use of the library. It provides helpers and shortcuts to common operations.</description>
	<libraryname>chlib</libraryname>
	<version>1.1.0</version>

	<creationDate>Jan 2016</creationDate>
	<author>Xavier Pallicer</author>
	<authorEmail>xpallicer@cloudhotelier.com</authorEmail>
	<authorUrl>http://www.cloudhotelier.com</authorUrl>
	<copyright>Copyright (C) CloudHotelier. All rights reserved.</copyright>
	<license>GNU/GPL v2 or later http://www.gnu.org/licenses/gpl-2.0.html</license>
	
	<files>
		<folder>language</folder>
		<folder>vendor</folder>
		<filename>ajax.php</filename>
		<filename>chlib.php</filename>
		<filename>chlib.xml</filename>
		<filename>data.php</filename>
		<filename>database.php</filename>
		<filename>date.php</filename>
		<filename>display.php</filename>
		<filename>email.php</filename>
		<filename>input.php</filename>
		<filename>inputcookie.php</filename>
		<filename>inputget.php</filename>
		<filename>inputpost.php</filename>
		<filename>system.php</filename>
		<filename>youtube.php</filename>
	</files>

</extension>
