<?xml version="1.0" encoding="utf-8"?>
<extension type="library" method="upgrade" version="3.4">

	<name>CloudHotelier Admin Helpers</name>
	<description>CloudHotelier admin extensions and templates make use of the library. It provides helpers and shortcuts to common operations.</description>
	<libraryname>chadmin</libraryname>
	<version>1.0.0</version>

	<creationDate>Feb 2017</creationDate>
	<author>Xavier Pallicer</author>
	<authorEmail>xpallicer@cloudhotelier.com</authorEmail>
	<authorUrl>http://www.cloudhotelier.com</authorUrl>
	<copyright>Copyright (C) CloudHotelier. All rights reserved.</copyright>
	<license>GNU/GPL v2 or later http://www.gnu.org/licenses/gpl-2.0.html</license>

	<files>
		<filename>chadmin.php</filename>
		<filename>chadmin.xml</filename>
		<filename>user.php</filename>
	</files>

</extension>
