<?xml version="1.0" encoding="utf-8"?>
<extension type="component" version="3.4" method="upgrade">
    
	<name>COM_CHPANEL</name>
	<description>COM_CHPANEL_DESC</description>
	<version>1.6.1</version>
	
	<creationDate>Jul 2016</creationDate>
	<author>Xavier Pallicer</author>
	<authorEmail>xpallicer@cloudhotelier.com</authorEmail>
	<authorUrl>http://www.cloudhotelier.com</authorUrl>
	<copyright>Copyright (C) CloudHotelier. All rights reserved.</copyright>
	<license>GNU/GPL v2 or later http://www.gnu.org/licenses/gpl-2.0.html</license>

	<administration>
		<menu>COM_CHPANEL_MENU</menu>
		<files folder="admin/com_chpanel">
			<folder>controllers</folder>
			<folder>helpers</folder>
			<folder>language</folder>
			<folder>models</folder>
			<folder>sql</folder>
			<folder>tables</folder>
			<folder>views</folder>
			<filename>chpanel.php</filename>
			<filename>chpanel.xml</filename>
			<filename>config.xml</filename>
			<filename>controller.php</filename>
			<filename>scriptfile.php</filename>
		</files>
	</administration>
    
	<files folder="site/com_chpanel">
		<folder>controllers</folder>
		<folder>helpers</folder>
		<folder>language</folder>
		<folder>layouts</folder>
		<folder>models</folder>
		<folder>views</folder>
		<filename>chpanel.php</filename>
		<filename>controller.php</filename>
		<filename>router.php</filename>
	</files> 
	
	<media destination="chpanel" folder="media/chpanel">
		<folder>img</folder>
	</media>	
		
	<install>
		<sql>
			<file charset="utf8" driver="mysql">sql/install.sql</file>
		</sql>
	</install>

	<uninstall>
		<sql>
			<file driver="mysql" charset="utf8">sql/uninstall.sql</file>
		</sql>
	</uninstall>
	
	<scriptfile>scriptfile.php</scriptfile>
	
	<updateservers>
		<server type="extension" priority="1" name="COM_CHPANEL">https://cloudhotelier.com/versions/chpanel_pro.xml</server>
	</updateservers> 

</extension>