<?xml version="1.0" encoding="utf-8"?>
<extension type="library" method="upgrade" version="3.4">

	<name>CloudHotelier Assets Library</name>
	<description>CloudHotelier extensions and templates make use of the library. It's purpose is to load the uikit front-end framework and the extensions and themes assets, allowing style folders overrides by CH templates. CH Assets Plugin is also needed for correct functionality.</description>
	<libraryname>chassets</libraryname>
	<version>1.1.0</version>

	<creationDate>Jan 2016</creationDate>
	<author>Xavier Pallicer</author>
	<authorEmail>xpallicer@cloudhotelier.com</authorEmail>
	<authorUrl>http://www.cloudhotelier.com</authorUrl>
	<copyright>Copyright (C) CloudHotelier. All rights reserved.</copyright>
	<license>GNU/GPL v2 or later http://www.gnu.org/licenses/gpl-2.0.html</license>
	
	<files>
		<filename>chassets.php</filename>
		<filename>chassets.xml</filename>
	</files>

	<media destination="chassets" folder="media/chassets">
		<folder>css</folder>
		<folder>fonts</folder>
		<folder>grid</folder>
		<folder>htmleditor</folder>
		<folder>js</folder>
	</media>

</extension>
