{
  "name": "codemirror",
  "main": [
    "lib/codemirror.js",
    "lib/codemirror.css"
  ],
  "ignore": [
    "**/.*",
    "node_modules",
    "components",
    "bin",
    "demo",
    "doc",
    "test",
    "index.html",
    "package.json",
    "mode/*/*test.js",
    "mode/*/*.html"
  ],
  "homepage": "https://github.com/marijnh/CodeMirror",
  "version": "5.12.0",
  "_release": "5.12.0",
  "_resolution": {
    "type": "version",
    "tag": "5.12.0",
    "commit": "9e2e337d45937a341514d1e385d7b2a664eaa99e"
  },
  "_source": "git://github.com/marijnh/CodeMirror.git",
  "_target": ">= 5.12",
  "_originalSource": "codemirror"
}